1987	1	470	3	7.9	0.77	2.8	13	nan	nan	nan	nan
1987	2	620	-3.9	7.3	0.66	5.4	2.7	nan	nan	nan	nan
1987	3	2420	-6.4	4	0.5	1.9	0.1	nan	nan	nan	nan
1987	4	320	0.2	5.1	0.63	4.9	8.4	nan	nan	nan	nan
1987	5	900	3.8	6.5	0.72	6.2	2.3	nan	nan	nan	nan
1987	6	1290	-1.7	5.4	0.61	4.6	2.3	nan	nan	nan	nan
1987	7	1170	-8.3	-1.1	0.4	2.1	0.5	nan	nan	nan	nan
1987	8	1110	-12.1	0.2	0.45	3.6	0.1	nan	nan	nan	nan
1987	9	1560	-3.9	-0.6	0.49	3.9	0.3	nan	nan	nan	nan
1987	10	2560	-9.3	-3.9	0.28	4.8	0	nan	nan	nan	nan
1987	11	3580	-16.7	-9.2	0.19	2.9	0	nan	nan	nan	nan
1987	12	3670	-17.7	-8.3	0.2	1.8	0	nan	nan	nan	nan
1987	13	2570	-15.3	-7.8	0.23	3.3	0	nan	nan	nan	nan
1987	14	2500	-15.8	-11.4	0.15	5.7	0	nan	nan	nan	nan
1987	15	2260	-12.8	-7.6	0.19	6.3	0	nan	nan	nan	nan
1987	16	730	-9.4	-7.5	0.24	4	0	nan	nan	nan	nan
1987	17	850	-9.5	-5.8	0.29	1.8	0	nan	nan	nan	nan
1987	18	1410	-7.8	-5.4	0.33	2.3	0	nan	nan	nan	nan
1987	19	880	-8	-5.6	0.36	0.9	0	nan	nan	nan	nan
1987	20	620	-6.9	-4.2	0.4	1	0	nan	nan	nan	nan
1987	21	1050	-3.7	-0.5	0.5	1.6	0.1	nan	nan	nan	nan
1987	22	640	-0.5	1.2	0.61	1.1	0.4	nan	nan	nan	nan
1987	23	940	0.7	5.1	0.75	2.1	1.1	nan	nan	nan	nan
1987	24	440	-0.6	3.4	0.65	1.8	0	nan	nan	nan	nan
1987	25	220	-0.3	2.3	0.66	3.6	0	nan	nan	nan	nan
1987	26	1570	-3.4	4.4	0.63	2.4	1	nan	nan	nan	nan
1987	27	2310	-5.2	0.1	0.51	1.8	0	nan	nan	nan	nan
1987	28	2940	-3.5	3.6	0.58	2.5	0	nan	nan	nan	nan
1987	29	5980	-8.3	-0.1	0.35	1.9	0	nan	nan	nan	nan
1987	30	5710	-10.1	-3.5	0.24	1.9	0	nan	nan	nan	nan
1987	31	5960	-9.2	0.1	0.26	1.6	0	nan	nan	nan	nan
1987	32	5400	-9.8	1.9	0.31	1.9	0	nan	nan	nan	nan
1987	33	4950	-5.7	2.5	0.34	2.8	0	nan	nan	nan	nan
1987	34	490	-2.6	1.4	0.53	1.8	0.3	nan	nan	nan	nan
1987	35	550	0.8	3.3	0.67	1.1	0	nan	nan	nan	nan
1987	36	1510	1.6	5.2	0.74	3.1	0.1	nan	nan	nan	nan
1987	37	100	3.8	7.9	0.87	6	2.8	nan	nan	nan	nan
1987	38	5010	-1.6	6.4	0.64	2.8	0	nan	nan	nan	nan
1987	39	410	-0.8	7.9	0.83	4.4	3.1	nan	nan	nan	nan
1987	40	1760	4.6	9.8	0.96	2.2	1.8	nan	nan	nan	nan
1987	41	2780	1.9	7.6	0.74	5.1	0.9	nan	nan	nan	nan
1987	42	5700	0	7.3	0.67	2.1	2.6	nan	nan	nan	nan
1987	43	490	2.1	4.4	0.73	2.1	3	nan	nan	nan	nan
1987	44	5040	-0.7	6.1	0.65	2.2	0	nan	nan	nan	nan
1987	45	2880	2.1	5.9	0.66	2.4	0	nan	nan	nan	nan
1987	46	800	0.2	2.2	0.64	3.3	3.3	nan	nan	nan	nan
1987	47	5450	-3.8	3.8	0.53	2.1	0	nan	nan	nan	nan
1987	48	4520	-4.5	2.4	0.48	1.3	0	nan	nan	nan	nan
1987	49	1130	-2.1	-0.2	0.5	2.3	1	nan	nan	nan	nan
1987	50	5160	-3.7	-0.8	0.45	2.8	0.1	nan	nan	nan	nan
1987	51	2750	-5.3	-1	0.41	4.6	0	nan	nan	nan	nan
1987	52	9750	-3.4	4.4	0.43	3.3	0	nan	nan	nan	nan
1987	53	2960	-0.8	5.2	0.67	1.8	0.3	1.52	2.2	nan	nan
1987	54	8310	-4.1	4.2	0.49	1.8	0	nan	nan	nan	nan
1987	55	8700	-6.4	2.8	0.39	1.7	0	nan	nan	nan	nan
1987	56	9400	-3.7	3.4	0.32	2.7	0	nan	nan	nan	nan
1987	57	7710	-2.5	5.7	0.5	2.5	1.9	nan	nan	nan	nan
1987	58	650	3.3	10.2	1.01	3.9	14.5	nan	nan	nan	nan
1987	59	1570	6.2	9.8	1.02	3	0	nan	nan	nan	nan
1987	60	2390	5.8	9.6	1.01	2	10.8	nan	nan	nan	nan
1987	61	790	-5.8	9.8	0.85	5	18.2	nan	nan	nan	nan
1987	62	10220	-6.7	-2.6	0.26	3.9	0	nan	nan	nan	nan
1987	63	4990	-7.2	-2.3	0.3	2.3	0	nan	nan	nan	nan
1987	64	10390	-9.5	2	0.32	1.3	0	nan	nan	nan	nan
1987	65	9670	-5.3	2.6	0.36	2.5	0	nan	nan	nan	nan
1987	66	9930	-5	0.2	0.33	3.9	0	nan	nan	nan	nan
1987	67	10960	-4.9	1.1	0.32	3.9	0	nan	nan	nan	nan
1987	68	10980	-4.1	2.9	0.23	2.7	0	nan	nan	nan	nan
1987	69	12650	-3.5	6.3	0.34	3.9	0	nan	nan	nan	nan
1987	70	12640	-4.3	6.5	0.34	3.2	1.2	nan	nan	nan	nan
1987	71	12640	-6.4	4.9	0.34	2	0.8	nan	nan	nan	nan
1987	72	9160	-9.6	3.7	0.34	2.2	0	1.71	2.01	nan	nan
1987	73	12170	-6	5.7	0.32	1.9	0	nan	nan	nan	nan
1987	74	12170	-6	5.7	0.32	1.9	0	nan	nan	nan	nan
1987	75	7450	-0.6	4.9	0.52	4	0.7	nan	nan	nan	nan
1987	76	1920	0.3	6.5	0.79	4.5	10.4	nan	nan	nan	nan
1987	77	8930	0.2	6.9	0.66	5.5	11.3	nan	nan	nan	nan
1987	78	8020	-1	5.6	0.56	2.5	0	nan	nan	nan	nan
1987	79	6980	-1.4	5.3	0.57	3.5	1.4	nan	nan	nan	nan
1987	80	6720	-0.9	5.5	0.63	3.5	7.5	nan	nan	nan	nan
1987	81	12970	0.2	8.7	0.65	3	6.4	nan	nan	nan	nan
1987	82	12970	0.2	8.7	0.65	3	6.4	nan	nan	nan	nan
1987	83	2990	6.9	10.8	1.07	2.5	0.5	nan	nan	nan	nan
1987	84	2990	6.9	10.8	1.07	2.5	0.5	nan	nan	nan	nan
1987	85	3060	6.5	13.5	1.13	3.5	8.5	nan	nan	nan	nan
1987	86	3280	7.7	12.5	0.79	9.5	1.2	nan	nan	2.2	nan
1987	87	8970	2.3	10.4	0.72	8.7	2.7	nan	nan	nan	nan
1987	88	10500	-0.5	7	0.59	3.9	0.9	nan	nan	nan	nan
1987	89	4010	-0.3	6.1	0.34	6.3	0.6	nan	nan	nan	nan
1987	90	8380	0.9	9.3	0.7	1.8	0	nan	nan	nan	nan
1987	91	17090	1.6	11.1	0.58	2.6	0	nan	nan	nan	nan
1987	92	16010	3.5	11.7	0.64	3.5	0	nan	nan	nan	nan
1987	93	9680	4.2	13.5	0.53	2.8	0	nan	nan	nan	nan
1987	94	7120	7.1	12.5	0.82	3.7	0	nan	nan	nan	nan
1987	95	14390	3.9	14.1	0.79	2.7	0	nan	nan	nan	nan
1987	96	9400	5.5	15.6	0.91	1.5	4.6	nan	nan	nan	nan
1987	97	8810	5	16.9	1	3.1	1.5	nan	nan	nan	nan
1987	98	10470	5.4	14.5	0.98	3.3	1.2	nan	nan	nan	nan
1987	99	7690	6.7	12.8	1.04	2.2	2.6	nan	nan	nan	nan
1987	100	11410	2.7	11.1	0.8	2.9	1.8	nan	nan	nan	nan
1987	101	9910	3.4	9.9	0.73	5.8	10.2	nan	nan	nan	nan
1987	102	4740	2.9	7.9	0.79	4.2	8.1	nan	nan	nan	nan
1987	103	10820	2.6	10.6	0.81	2.3	0	nan	nan	nan	nan
1987	104	3610	5.8	10.2	0.94	2.1	0	nan	nan	nan	nan
1987	105	15140	4.1	15	0.95	2.3	0	2.08	1.8	nan	nan
1987	106	8520	7.5	15.1	1.1	1.4	0	nan	nan	nan	nan
1987	107	12270	9.2	17.1	1.07	1.2	0	nan	nan	nan	nan
1987	108	18330	8.6	21.4	1.14	2.2	0	nan	nan	nan	nan
1987	109	7260	8.7	16.7	1.21	2.6	3.6	nan	nan	nan	nan
1987	110	9750	5.2	13.8	0.94	5.6	0.9	nan	nan	nan	nan
1987	111	17220	2.8	13.4	0.8	2.1	0	nan	nan	4.5	nan
1987	112	21460	-0.5	15.9	0.78	1.6	0	nan	nan	nan	nan
1987	113	21250	5.6	19.4	0.89	1.7	0	nan	nan	nan	nan
1987	114	21820	3.3	22.1	0.87	1.9	0	nan	nan	nan	nan
1987	115	19030	5.3	23.5	1.07	1.5	0	nan	nan	nan	nan
1987	116	18970	5.4	19.7	0.92	1.6	0	nan	nan	nan	nan
1987	117	23270	2.9	18.7	0.73	2.3	0	nan	nan	nan	nan
1987	118	22820	8.3	22.5	0.74	3	0	nan	nan	nan	nan
1987	119	16850	12.5	23.9	1.17	2.6	0	nan	nan	4.8	1
1987	120	13470	11.5	21.2	1.34	3.1	0.2	nan	nan	nan	nan
1987	121	3400	11.6	14.8	1.3	3.6	0.1	nan	nan	nan	nan
1987	122	16810	3.8	13.7	0.84	3.5	0.3	2.25	4.8	nan	nan
1987	123	9280	3.6	9.4	0.77	2.8	3.8	nan	nan	nan	nan
1987	124	6850	5	9.7	0.77	4.6	0	nan	nan	nan	nan
1987	125	18150	5	14.2	0.88	3.8	0	nan	nan	nan	nan
1987	126	15970	3	12.1	0.82	3.3	0	nan	nan	nan	nan
1987	127	23240	1.3	12.9	0.8	2.9	0	nan	nan	nan	nan
1987	128	24000	0.3	16.4	0.84	1.3	0	nan	nan	nan	nan
1987	129	24760	2.2	21.8	0.95	2	0	nan	nan	nan	nan
1987	130	16270	2.3	14.2	0.84	2.8	0	nan	nan	nan	nan
1987	131	6200	1.5	13.1	0.88	4.8	2.1	nan	nan	nan	nan
1987	132	7130	3.8	12.8	1.03	3.8	18.5	nan	nan	nan	nan
1987	133	16910	2.9	11.6	0.76	3.5	3.1	nan	nan	nan	nan
1987	134	8580	4	10.2	0.89	4.1	8.1	nan	nan	nan	nan
1987	135	3950	6.1	10.7	0.96	2.9	3.1	nan	nan	nan	nan
1987	136	13410	3.2	11.2	0.81	3.2	2.4	nan	nan	nan	nan
1987	137	17060	2.9	14.1	0.84	2.5	0.8	nan	nan	nan	nan
1987	138	8750	8.4	13.7	1.02	2	0.8	nan	nan	nan	nan
1987	139	23680	6.2	15.3	0.93	2.5	0	nan	nan	nan	nan
1987	140	15080	5	11.1	0.78	4.5	1.9	nan	nan	nan	nan
1987	141	15160	5.4	12.4	0.91	4.4	5.2	nan	nan	nan	nan
1987	142	11710	4.5	12.9	0.94	2	2.2	nan	nan	nan	nan
1987	143	23200	5.4	18.2	1.09	1.9	5.7	nan	nan	nan	nan
1987	144	23660	3.9	20.9	0.98	1.5	0.1	nan	nan	nan	nan
1987	145	27140	6	22.5	1.05	1.7	0	4.3	2.2	nan	nan
1987	146	27000	5.4	22	0.88	2	0	nan	nan	nan	nan
1987	147	17580	5.2	18.1	0.96	2.3	0	nan	nan	nan	nan
1987	148	14320	8	13.1	0.9	3.1	0.6	nan	nan	nan	nan
1987	149	9260	5.3	13.6	0.98	1.6	20.5	nan	nan	nan	nan
1987	150	8330	6.8	18.6	1.21	2.6	2.6	nan	nan	nan	nan
1987	151	6470	6.6	16	1.22	1.6	0.5	nan	nan	nan	nan
1987	152	14030	6.6	18.3	1.26	3	3.1	nan	nan	nan	nan
1987	153	7640	11.5	17	1.36	1.7	17.6	nan	nan	nan	nan
1987	154	7450	10	16.1	1.35	3	3.9	nan	nan	nan	nan
1987	155	13090	10.1	17.6	1.28	2.4	2.3	nan	nan	nan	nan
1987	156	8330	10.9	14.2	1.22	2.8	2.8	nan	nan	nan	nan
1987	157	13540	11.7	18.4	1.27	4.7	1.8	nan	nan	nan	nan
1987	158	12000	11.5	16.8	1.18	3.9	1.8	nan	nan	nan	nan
1987	159	7030	8.7	12.6	1.16	3.5	21.4	nan	nan	nan	nan
1987	160	12400	8.5	14.7	1.13	3.1	1.5	nan	nan	nan	nan
1987	161	20720	7.2	17.8	1.12	1.9	0.2	nan	nan	nan	nan
1987	162	21140	5.6	18.1	1.2	4	1	nan	nan	nan	nan
1987	163	21140	5.6	18.1	1.2	4	1	nan	nan	4.2	nan
1987	164	22750	6	18.3	1.13	1.3	0	nan	nan	nan	nan
1987	165	22560	8.7	17	1.09	2.1	0.1	nan	nan	nan	nan
1987	166	22560	8.7	17	1.09	2.1	0.1	nan	nan	nan	nan
1987	167	16630	6.1	14.5	0.98	2.3	0	nan	nan	nan	nan
1987	168	16630	6.1	14.5	0.98	2.3	0	nan	nan	nan	nan
1987	169	18130	6.9	15.9	1.02	3.2	0	nan	nan	nan	nan
1987	170	7950	6.9	14.4	1.26	2.1	7	nan	nan	nan	nan
1987	171	7490	6.3	15.3	1.18	2	0	nan	nan	nan	nan
1987	172	15960	3.9	17.4	1.18	1.8	1	nan	nan	nan	nan
1987	173	11120	11	18.3	1.37	2.5	8.2	nan	nan	nan	nan
1987	174	10600	11.2	16.6	1.3	1.8	0.5	nan	nan	nan	nan
1987	175	13520	11.7	17.1	1.3	3.8	3.7	nan	nan	nan	nan
1987	176	18880	10.1	17.7	1.3	2.9	2.6	nan	nan	nan	nan
1987	177	10490	12.3	19.1	1.52	2.7	1.9	nan	nan	nan	nan
1987	178	10330	11.9	19.9	1.8	3	0.5	nan	nan	nan	nan
1987	179	8730	16.4	23.3	2.25	2.4	0	nan	nan	nan	nan
1987	180	8730	16.4	23.3	2.25	2.4	0	nan	nan	nan	nan
1987	181	19090	18.9	29	2.23	1.4	0	nan	nan	nan	nan
1987	182	26150	9.6	20.8	0.9	2.2	0	nan	nan	nan	nan
1987	183	26150	9.6	20.8	0.9	2.2	0	nan	nan	nan	nan
1987	184	19230	8.1	21.1	1.16	1.5	0	nan	nan	nan	nan
1987	185	26950	10.3	24.4	1.2	1.9	0	nan	nan	nan	nan
1987	186	27880	12.9	25.1	1.35	2.4	0	nan	nan	nan	nan
1987	187	26600	15.3	27.6	1.38	2.3	0	nan	nan	nan	nan
1987	188	22870	14.1	26.9	1.56	2	0	nan	nan	nan	nan
1987	189	20430	10.8	21.3	1.37	2.5	0	nan	nan	nan	nan
1987	190	20320	9.1	19.1	1.14	3.1	0.1	nan	nan	nan	nan
1987	191	7950	8.7	21.4	1.27	2.2	0	nan	nan	nan	nan
1987	192	19670	14.4	25.7	1.48	3.3	0	nan	nan	nan	nan
1987	193	25760	10.6	21.9	1.3	3.2	0	nan	nan	nan	nan
1987	194	17370	11.5	22.4	1.35	1.1	0	nan	nan	nan	nan
1987	195	25530	12.9	24.9	1.28	2.6	0	nan	nan	nan	nan
1987	196	13300	17.1	23.8	1.89	2.9	7	nan	nan	nan	nan
1987	197	18170	17.6	27.6	2.01	2.4	27.1	nan	nan	nan	nan
1987	198	7210	14.4	19.4	1.7	3	16.4	nan	nan	nan	nan
1987	199	20840	13.7	21.1	1.41	4.1	2.6	nan	nan	nan	nan
1987	200	16090	13.1	20.9	1.45	2.7	8.6	nan	nan	nan	nan
1987	201	13430	13	20.2	1.51	1.8	1.3	nan	nan	nan	nan
1987	202	11590	12.7	20	1.66	1.3	7.8	nan	nan	nan	nan
1987	203	12780	14	21.2	1.7	1.2	14	nan	nan	nan	nan
1987	204	12170	14.5	20.1	1.67	1.8	2.2	nan	nan	nan	nan
1987	205	6040	12.3	16.6	1.46	2.5	2.6	nan	nan	2.4	nan
1987	206	16730	8.3	16.8	1.14	2.9	0.3	nan	nan	nan	nan
1987	207	19120	8.5	16.6	1.06	3.6	1.3	nan	nan	nan	nan
1987	208	7960	11.6	16.9	1.41	4.7	9.5	nan	nan	nan	nan
1987	209	7920	11.7	17.8	1.4	2.2	0.3	nan	nan	nan	nan
1987	210	2900	12.5	18.4	1.69	2.6	12.6	nan	nan	nan	nan
1987	211	10060	12.8	18.3	1.5	2.3	7.1	nan	nan	nan	nan
1987	212	8970	12.4	19.1	1.61	3.8	0.5	nan	nan	nan	nan
1987	213	8520	13.3	18	1.36	3.7	0.8	nan	nan	nan	nan
1987	214	9740	9.5	18.7	1.34	2.4	0.2	nan	nan	nan	nan
1987	215	12100	9.4	19.2	1.27	2.6	2.1	nan	nan	nan	nan
1987	216	16460	8.8	17.1	1.12	2.6	0.9	nan	nan	nan	nan
1987	217	17120	7.6	15.9	1.1	2.9	11.6	nan	nan	nan	nan
1987	218	14510	6.8	15.3	1.07	1.7	7.4	nan	nan	nan	nan
1987	219	14390	10.1	17.8	1.13	3.2	0	5.6	3.2	nan	nan
1987	220	4770	12.1	16.5	1.37	2.7	4.1	nan	nan	nan	nan
1987	221	4120	11.4	15.9	1.45	1.5	8.5	nan	nan	nan	nan
1987	222	16460	7.9	18	1.27	1.8	1.6	nan	nan	nan	nan
1987	223	20010	6.3	20.6	1.21	1.4	0	nan	nan	2.5	nan
1987	224	7100	12.4	20	1.45	1.6	0	nan	nan	nan	nan
1987	225	9440	13.3	23	1.72	2.1	10.9	nan	nan	nan	nan
1987	226	9440	13.3	23	1.72	2.1	10.9	nan	nan	nan	nan
1987	227	17930	15.8	20.9	1.6	2.5	0	nan	nan	nan	nan
1987	228	15990	14.4	24.6	1.59	2	0	nan	nan	nan	nan
1987	229	15410	13.3	26.8	1.87	1	0.5	nan	nan	nan	nan
1987	230	8270	16.7	23	1.9	1.5	5.7	nan	nan	nan	nan
1987	231	11890	12.2	22.8	1.82	2.2	1.6	nan	nan	nan	nan
1987	232	16280	12.7	24.7	1.74	1.5	0	nan	nan	nan	nan
1987	233	16280	12.7	24.7	1.74	1.5	0	nan	nan	nan	nan
1987	234	11540	18.8	25.6	1.66	2.5	0.2	nan	nan	nan	nan
1987	235	11540	18.8	25.6	1.66	2.5	0.2	nan	nan	nan	nan
1987	236	13280	11.4	22.8	1.67	1.8	6.8	nan	nan	nan	nan
1987	237	8090	13.3	20.2	1.66	3.7	1.4	nan	nan	nan	nan
1987	238	9040	13.2	17.5	1.45	5	8.5	nan	nan	nan	nan
1987	239	5790	13.5	17	1.54	3.6	2.2	nan	nan	nan	nan
1987	240	9680	13.3	18.7	1.46	3.4	0	nan	nan	nan	nan
1987	241	6170	11.3	19.9	1.71	2.2	1.1	nan	nan	nan	nan
1987	242	13250	8.9	19.9	1.39	1.2	0.1	nan	nan	nan	nan
1987	243	12700	10.9	18.7	1.2	1.8	0	nan	nan	nan	nan
1987	244	16090	11.2	23.2	1.5	1.9	0	nan	nan	nan	nan
1987	245	9990	12.2	20.8	1.6	1	0	nan	nan	nan	nan
1987	246	9990	12.2	20.8	1.6	1	0	nan	nan	nan	nan
1987	247	11770	13.2	24.4	1.83	1.7	0	nan	nan	nan	nan
1987	248	9310	13.9	19.9	1.54	2	5.2	nan	nan	nan	nan
1987	249	10930	13.2	18.4	1.41	4.3	0.2	nan	nan	nan	nan
1987	250	6230	9.2	17.3	1.43	3.2	0.6	nan	nan	nan	nan
1987	251	15800	10.1	18.9	1.27	2.1	0.5	nan	nan	nan	nan
1987	252	10650	11.1	18.8	1.41	1.9	0	nan	nan	nan	nan
1987	253	4510	11.8	16.6	1.41	3.2	5.5	nan	nan	nan	nan
1987	254	14720	13.2	19.6	1.4	3.9	0	nan	nan	nan	nan
1987	255	8930	16	22.1	1.77	5.8	1.5	nan	nan	nan	nan
1987	256	1870	13.7	18.9	1.76	2.3	12.6	nan	nan	nan	nan
1987	257	13920	13	18.9	1.44	3.4	2.8	nan	nan	nan	nan
1987	258	14190	9.9	18.4	1.28	2.6	0	nan	nan	nan	nan
1987	259	6340	10.5	18.5	1.37	1.3	0	nan	nan	nan	nan
1987	260	6340	10.5	18.5	1.37	1.3	0	nan	nan	nan	nan
1987	261	9730	8.4	20.2	1.61	2.2	1	nan	nan	nan	nan
1987	262	11410	6	17.9	1.22	1.6	6.7	nan	nan	nan	nan
1987	263	10620	15.9	21.6	1.8	2.9	0.1	nan	nan	nan	nan
1987	264	11020	16.2	23	2.01	1.7	0	nan	nan	nan	nan
1987	265	11020	16.2	23	2.01	1.7	0	nan	nan	nan	nan
1987	266	9890	12.4	18.5	1.41	1.5	3.2	nan	nan	nan	nan
1987	267	9820	8.9	17.1	1.24	3.9	7.6	3.2	2.8	nan	nan
1987	268	10060	7.1	15.9	1.09	2.3	0.1	nan	nan	nan	nan
1987	269	11300	6	14.8	1.03	1.3	1.5	nan	nan	nan	nan
1987	270	9590	3.2	13.1	0.91	1.8	0.3	nan	nan	nan	nan
1987	271	10340	1.9	13.7	0.87	1.2	0.1	nan	nan	nan	nan
1987	272	8600	2.6	14.5	0.96	1.1	0.3	nan	nan	nan	nan
1987	273	13070	4.9	14.7	0.86	2.5	0	nan	nan	nan	nan
1987	274	11500	6.8	15.4	0.87	3.1	0	nan	nan	nan	nan
1987	275	12500	7.2	16.1	0.89	3.3	0	nan	nan	nan	nan
1987	276	11510	6.9	14.6	0.86	2.9	0	nan	nan	nan	nan
1987	277	8870	7	17.8	1.11	2.6	0	nan	nan	nan	nan
1987	278	6210	10.5	18.4	1.45	2.6	5.6	nan	nan	nan	nan
1987	279	6210	10.5	18.4	1.45	2.6	5.6	nan	nan	nan	nan
1987	280	7420	7.9	14.1	1.14	6.5	9.2	nan	nan	nan	nan
1987	281	7420	7.9	14.1	1.14	6.5	9.2	nan	nan	nan	nan
1987	282	3780	6.5	14.3	1.08	6.3	17.7	nan	nan	nan	nan
1987	283	7150	6.1	15.5	1	5	0	nan	nan	nan	nan
1987	284	5750	6	16.4	0.94	3	0	nan	nan	nan	nan
1987	285	1680	6.5	9	0.94	2.1	1	nan	nan	nan	nan
1987	286	3260	5.7	13.6	1.04	2.8	10.1	nan	nan	nan	nan
1987	287	8700	7	13.9	1.04	4.1	5.5	nan	nan	nan	nan
1987	288	2920	11.3	17	1.37	6.2	12.6	nan	nan	nan	nan
1987	289	7660	11.2	19.3	1.16	6.4	0	nan	nan	nan	nan
1987	290	8380	7.9	15.5	1.05	2.6	0	3.1	2.5	nan	nan
1987	291	9450	6.6	16.3	1.02	2.8	0	nan	nan	nan	nan
1987	292	8690	8	16.1	1.03	3.1	0	nan	nan	nan	nan
1987	293	5480	9.2	14.5	1.04	3.7	0	nan	nan	nan	nan
1987	294	4380	9	16.3	1.11	3.3	2.1	nan	nan	nan	nan
1987	295	7540	6	14.4	1.04	1.5	3.5	nan	nan	nan	nan
1987	296	5210	1.7	13	0.91	1.5	0	nan	nan	nan	nan
1987	297	4600	3.5	11.4	0.94	1	0	nan	nan	nan	nan
1987	298	6700	2.1	12.3	0.89	1.6	0.2	nan	nan	nan	nan
1987	299	7010	4.5	11.9	0.89	2.9	0	nan	nan	nan	nan
1987	300	4600	6.9	14.2	1.06	3.7	0	nan	nan	nan	nan
1987	301	2070	11	14.1	1.26	2.2	2.8	nan	nan	nan	nan
1987	302	730	10.7	12.2	1.3	0.9	5.3	nan	nan	nan	nan
1987	303	2280	9.3	13.4	1.2	1.1	0.2	nan	nan	nan	nan
1987	304	920	9.5	12.2	1.19	1.6	0	nan	nan	nan	nan
1987	305	3900	9	14.5	1.27	2.8	0.7	nan	nan	nan	nan
1987	306	6960	1.8	12.9	0.97	1.3	0	nan	nan	nan	nan
1987	307	2850	2.7	12.5	0.95	1.2	0.1	nan	nan	nan	nan
1987	308	5560	3.9	11.1	0.82	1.9	0	nan	nan	nan	nan
1987	309	2940	-0.1	9.9	0.84	1.6	0	nan	nan	nan	nan
1987	310	1100	8	10.7	0.89	0.9	0	nan	nan	nan	nan
1987	311	2260	-2.6	8.6	0.7	1	0	nan	nan	nan	nan
1987	312	500	-1.6	3	0.68	1.8	0	1.4	1.2	nan	nan
1987	313	440	2.5	4.9	0.73	1.6	0	nan	nan	nan	nan
1987	314	390	3.9	6.4	0.82	1.4	1.1	nan	nan	nan	nan
1987	315	1560	6.3	10.6	1.01	5.1	7.8	nan	nan	nan	nan
1987	316	2690	5.8	10.6	0.91	6.9	8.5	nan	nan	nan	nan
1987	317	3190	4.5	8	0.86	4.6	6.9	nan	nan	nan	nan
1987	318	3740	5	9.7	0.85	3.8	2.9	nan	nan	nan	nan
1987	319	2140	4	7.9	0.84	4.8	2	nan	nan	nan	nan
1987	320	2370	7.6	13.1	1.13	5.3	7.7	nan	nan	nan	nan
1987	321	1970	7.4	11.1	0.99	4.4	0.1	nan	nan	nan	nan
1987	322	2600	5.7	12.4	1.08	2.7	0	nan	nan	nan	nan
1987	323	360	6	10.2	1.05	4.5	27.1	nan	nan	nan	nan
1987	324	1990	6.2	9.6	0.88	4.8	5.1	nan	nan	nan	nan
1987	325	2050	5.3	9.7	0.95	3.1	3.6	nan	nan	nan	nan
1987	326	590	5.2	8	0.97	2.6	3.5	nan	nan	nan	nan
1987	327	1620	5.9	7.4	0.86	2	3.2	nan	nan	nan	nan
1987	328	420	2.1	6.6	0.69	4	0	nan	nan	nan	nan
1987	329	240	1.6	5.1	0.74	4	3.3	nan	nan	nan	nan
1987	330	400	3.3	4.6	0.73	1	0.8	nan	nan	nan	nan
1987	331	540	2.2	5.1	0.76	1.1	0.7	nan	nan	nan	nan
1987	332	2590	2.6	6.5	0.76	0.8	0	nan	nan	nan	nan
1987	333	2980	2.7	6.3	0.72	1.8	0	nan	nan	nan	nan
1987	334	2750	-1.4	8.1	0.7	0.9	0.1	nan	nan	nan	nan
1987	335	1500	0.5	4.9	0.65	2.3	0	1.16	1.1	nan	nan
1987	336	2260	0.4	3.7	0.54	4	0	nan	nan	nan	nan
1987	337	3160	0.4	4	0.51	3.1	0	nan	nan	nan	nan
1987	338	2790	-0.5	2.2	0.53	2.2	0	nan	nan	nan	nan
1987	339	1470	-1.3	2.2	0.54	2.5	0	nan	nan	nan	nan
1987	340	210	-2.5	1.3	0.53	2.4	0	nan	nan	nan	nan
1987	341	3780	-6.7	2.3	0.44	2.1	0	nan	nan	nan	nan
1987	342	1340	-7	0.9	0.42	0.8	0	nan	nan	nan	nan
1987	343	1160	-7.1	-3.1	0.4	1.2	0	nan	nan	nan	nan
1987	344	530	-3.9	3.5	0.6	2.1	0.6	nan	nan	nan	nan
1987	345	1780	1.8	6.5	0.75	1.1	1.5	nan	nan	nan	nan
1987	346	1000	-1.4	4.4	0.67	0.6	0	nan	nan	nan	nan
1987	347	2020	-1.5	3.8	0.58	1.8	0	nan	nan	nan	nan
1987	348	470	-3.7	-1.3	0.43	2.4	0	nan	nan	nan	nan
1987	349	380	-3.6	1.9	0.52	2.5	0	nan	nan	nan	nan
1987	350	310	1.9	10.7	0.99	3.3	12	nan	nan	nan	nan
1987	351	750	9.8	12.8	1.26	4.3	18.4	nan	nan	nan	nan
1987	352	320	9.3	14.6	1.3	6	2.2	nan	nan	nan	nan
1987	353	1720	6.4	9.4	0.96	4.1	2.7	nan	nan	nan	nan
1987	354	330	8.3	9.7	1.07	4.7	0.4	nan	nan	nan	nan
1987	355	290	8.1	9.7	1.06	4	0.2	nan	nan	nan	nan
1987	356	2890	-1.4	9.5	0.84	1.9	0.1	nan	nan	nan	nan
1987	357	2710	0.8	6.5	0.69	2.8	0	nan	nan	nan	nan
1987	358	540	-0.5	5.1	0.66	2.6	0	0.9	0.4	nan	nan
1987	359	200	5	7.5	0.93	2.8	0.6	nan	nan	nan	nan
1987	360	740	6.2	8.6	0.91	4.6	0	nan	nan	nan	nan
1987	361	550	7.7	9.5	0.96	4.7	0.7	nan	nan	nan	nan
1987	362	340	8.8	12	1.1	5.4	0	nan	nan	nan	nan
1987	363	710	8.3	11.9	1.01	5.2	2.9	nan	nan	nan	nan
1987	364	1400	7.8	11.3	1.1	3.5	5	nan	nan	nan	nan
1987	365	2000	7.4	10	0.98	3.8	0	nan	nan	nan	nan
